{"cameraMode":{"drawMode":0,"name":"Shaded","section":"Shading Mode"},"sceneLighting":false,"audioPlay":false,"sceneViewState":{"m_AlwaysRefresh":false,"showFog":true,"showSkybox":false,"showFlares":true,"showImageEffects":true,"showParticleSystems":true,"showVisualEffectGraphs":true,"m_FxEnabled":true},"in2DMode":false,"pivot":{"x":0.03503227233886719,"y":6.9685492515563969,"z":0.4335131049156189},"rotation":{"x":-0.011934278532862664,"y":0.9648779630661011,"z":0.04441043734550476,"w":0.2587527632713318},"size":10.468060493469239,"orthographic":false}