{"cameraMode":{"drawMode":0,"name":"Shaded","section":"Shading Mode"},"sceneLighting":true,"audioPlay":false,"sceneViewState":{"m_AlwaysRefresh":false,"showFog":true,"showSkybox":true,"showFlares":true,"showImageEffects":true,"showParticleSystems":true,"showVisualEffectGraphs":true,"m_FxEnabled":true},"in2DMode":false,"pivot":{"x":295.8685607910156,"y":-17.201980590820314,"z":304.7544250488281},"rotation":{"x":-0.3841784596443176,"y":0.026521094143390657,"z":-0.010937405750155449,"w":-0.923048198223114},"size":14.902955055236817,"orthographic":false}